"file","caption","category","png_time","StartTime"
"bio5_weightatsize.png","Weight-at-age for females","Bio",2021-05-17 12:52:21,"StartTime: Mon May 17 12:36:25 2021"
"bio6_maturity.png","Spawning output at age (maturity x fecundity)","Bio",2021-05-17 12:52:21,"StartTime: Mon May 17 12:36:25 2021"
"sel01_multiple_fleets_length1.png","Selectivity at length for multiple fleets.","Sel",2021-05-17 12:52:21,"StartTime: Mon May 17 12:36:25 2021"
"sel02_multiple_fleets_age1.png","Selectivity at age for multiple fleets.","Sel",2021-05-17 12:52:21,"StartTime: Mon May 17 12:36:25 2021"
"sel02_multiple_fleets_age2.png","Selectivity at age derived from selectivity at length for multiple fleets.","Sel",2021-05-17 12:52:21,"StartTime: Mon May 17 12:36:25 2021"
"sel14_age_flt1sex1.png","Ending year selectivity for fleet1","Sel",2021-05-17 12:52:21,"StartTime: Mon May 17 12:36:25 2021"
"sel14_age_flt2sex1.png","Ending year selectivity for FLT15:NorBarTrSur","Sel",2021-05-17 12:52:21,"StartTime: Mon May 17 12:36:25 2021"
"sel14_age_flt3sex1.png","Ending year selectivity for FLT16:NorBarLofAcSur","Sel",2021-05-17 12:52:21,"StartTime: Mon May 17 12:36:25 2021"
"sel14_age_flt4sex1.png","Ending year selectivity for FLT18:RusSweptArea","Sel",2021-05-17 12:52:21,"StartTime: Mon May 17 12:36:25 2021"
"sel14_age_flt5sex1.png","Ending year selectivity for FLT007:Ecosystem_2018corr","Sel",2021-05-17 12:52:21,"StartTime: Mon May 17 12:36:25 2021"
"ts7_Spawning_biomass_(mt).png","Spawning biomass (mt)","Timeseries",2021-05-17 12:52:21,"StartTime: Mon May 17 12:36:25 2021"
"ts7_Spawning_biomass_(mt)_with_95_asymptotic_intervals_intervals.png","Spawning biomass (mt) with ~95% asymptotic intervals","Timeseries",2021-05-17 12:52:21,"StartTime: Mon May 17 12:36:25 2021"
"ts9_Relative_spawning_biomass.png","Relative spawning biomass: B/(40%*Virgin_Biomass)","Timeseries",2021-05-17 12:52:21,"StartTime: Mon May 17 12:36:25 2021"
"ts9_Relative_spawning_biomass_intervals.png","Relative spawning biomass: B/(40%*Virgin_Biomass) with ~95% asymptotic intervals","Timeseries",2021-05-17 12:52:21,"StartTime: Mon May 17 12:36:25 2021"
"ts1_Total_biomass_(mt).png","Total biomass (mt)","Timeseries",2021-05-17 12:52:21,"StartTime: Mon May 17 12:36:25 2021"
"ts4_Summary_biomass_(mt).png","Summary biomass (mt)","Timeseries",2021-05-17 12:52:21,"StartTime: Mon May 17 12:36:25 2021"
"ts11_Age-0_recruits_(1000s).png","Age-0 recruits (1,000s)","Timeseries",2021-05-17 12:52:21,"StartTime: Mon May 17 12:36:25 2021"
"ts11_Age-0_recruits_(1000s)_with_95_asymptotic_intervals.png","Age-0 recruits (1,000s) with ~95% asymptotic intervals","Timeseries",2021-05-17 12:52:21,"StartTime: Mon May 17 12:36:25 2021"
"ts_summaryF.png","Summary F (definition of F depends on setting in starter.ss)","Timeseries",2021-05-17 12:52:21,"StartTime: Mon May 17 12:36:25 2021"
"recdevs1_points.png","Recruitment deviations","RecDev",2021-05-17 12:52:21,"StartTime: Mon May 17 12:36:25 2021"
"recdevs2_withbars.png","Recruitment deviations with 95% intervals","RecDev",2021-05-17 12:52:21,"StartTime: Mon May 17 12:36:25 2021"
"recdevs3_varcheck.png","Recruitment deviations variance check.<br> See later figure of transformed variance values for comparison with bias adjustment settings in the model.","RecDev",2021-05-17 12:52:21,"StartTime: Mon May 17 12:36:25 2021"
"recruit_fit_bias_adjust.png","Points are transformed variances. Red line shows current settings for bias adjustment specified in control file. Blue line shows least squares estimate of alternative bias adjustment relationship for recruitment deviations (which may or may not be an improvement. For more information, see<br> 
<blockquote>Methot, R.D. and Taylor, I.G., 2011. Adjusting for bias due to variability of estimated recruitments in fishery assessment models. <i>Can. J. Fish. Aquat. Sci.</i>, 68:1744-1760.</blockquote><br> 
Estimated alternative inputs to SS control file associated with blue line in figure: 
<pre>1920.1   #_last_early_yr_nobias_adj_in_MPD 
1943.8   #_first_yr_fullbias_adj_in_MPD 
2017.6   #_last_yr_fullbias_adj_in_MPD 
2019.4   #_first_recent_yr_nobias_adj_in_MPD 
0.9445  #_max_bias_adj_in_MPD (1.0 to mimic pre-2009 models) </pre>","RecDev",2021-05-17 12:52:21,"StartTime: Mon May 17 12:36:25 2021"
"SR_curve.png","Stock-recruit curve.  Point colors indicate year, with warmer colors indicating earlier years and cooler colors in showing later years.","S-R",2021-05-17 12:52:21,"StartTime: Mon May 17 12:36:25 2021"
"SR_curve2.png","Stock-recruit curve with labels on first, last, and years with (log) deviations > 0.5. Point colors indicate year, with warmer colors indicating earlier years and cooler colors in showing later years.","S-R",2021-05-17 12:52:21,"StartTime: Mon May 17 12:36:25 2021"
"SR_resids.png","Deviations around the stock-recruit curve. Labels are on first, last, and years with (log) deviations > 0.5. Point colors indicate year, with warmer colors indicating earlier years and cooler colors in showing later years.","S-R",2021-05-17 12:52:21,"StartTime: Mon May 17 12:36:25 2021"
"catch1 landings.png","landings","Catch",2021-05-17 12:52:21,"StartTime: Mon May 17 12:36:25 2021"
"catch2 landings stacked.png","landings stacked","Catch",2021-05-17 12:52:21,"StartTime: Mon May 17 12:36:25 2021"
"catch9 harvest rate.png","harvest rate","Catch",2021-05-17 12:52:21,"StartTime: Mon May 17 12:36:25 2021"
"SPR1_series.png","Timeseries of SPR","SPR",2021-05-17 12:52:21,"StartTime: Mon May 17 12:36:25 2021"
"SPR2_minusSPRseries.png","Timeseries of 1-SPR","SPR",2021-05-17 12:52:21,"StartTime: Mon May 17 12:36:25 2021"
"SPR3_ratiointerval.png","Timeseries of SPR ratio: (1-SPR)/(1-SPR_40%)","SPR",2021-05-17 12:52:21,"StartTime: Mon May 17 12:36:25 2021"
"index1_cpuedata_FLT15:NorBarTrSur.png","Index data for FLT15:NorBarTrSur. Lines indicate 95% uncertainty interval around index values based on the model assumption of lognormal error. Thicker lines (if present) indicate input uncertainty before addition of estimated additional uncertainty parameter.","Index",2021-05-17 12:52:21,"StartTime: Mon May 17 12:36:25 2021"
"index2_cpuefit_FLT15:NorBarTrSur.png","Fit to index data for FLT15:NorBarTrSur. Lines indicate 95% uncertainty interval around index values based on the model assumption of lognormal error. Thicker lines (if present) indicate input uncertainty before addition of estimated additional uncertainty parameter.","Index",2021-05-17 12:52:21,"StartTime: Mon May 17 12:36:25 2021"
"index3_obs_vs_exp_FLT15:NorBarTrSur.png","Observed vs. expected index values with smoother for FLT15:NorBarTrSur","Index",2021-05-17 12:52:21,"StartTime: Mon May 17 12:36:25 2021"
"index4_logcpuedata_FLT15:NorBarTrSur.png","Log index data for FLT15:NorBarTrSur. Lines indicate 95% uncertainty interval around index values based on the model assumption of lognormal error. Thicker lines (if present) indicate input uncertainty before addition of estimated additional uncertainty parameter.","Index",2021-05-17 12:52:21,"StartTime: Mon May 17 12:36:25 2021"
"index5_logcpuefit_FLT15:NorBarTrSur.png","Fit to log index data on log scale for FLT15:NorBarTrSur. Lines indicate 95% uncertainty interval around index values based on the model assumption of lognormal error. Thicker lines (if present) indicate input uncertainty before addition of estimated additional uncertainty parameter.","Index",2021-05-17 12:52:21,"StartTime: Mon May 17 12:36:25 2021"
"index6_log_obs_vs_exp_FLT15:NorBarTrSur.png","log(observed) vs. log(expected) index values with smoother for FLT15:NorBarTrSur","Index",2021-05-17 12:52:21,"StartTime: Mon May 17 12:36:25 2021"
"index10_resids_SE_total_FLT15:NorBarTrSur.png","Residuals of fit to index for FLT15:NorBarTrSur.<br>Values are (log(Obs) - log(Exp))/SE where SE is the total standard error including any estimated additional uncertainty.","Index",2021-05-17 12:52:21,"StartTime: Mon May 17 12:36:25 2021"
"index12_resids_SE_total_FLT15:NorBarTrSur.png","Deviations for fit to index for FLT15:NorBarTrSur.<br>Values are log(Obs) - log(Exp) and thus independent of index uncertainty.","Index",2021-05-17 12:52:21,"StartTime: Mon May 17 12:36:25 2021"
"index1_cpuedata_FLT16:NorBarLofAcSur.png","Index data for FLT16:NorBarLofAcSur. Lines indicate 95% uncertainty interval around index values based on the model assumption of lognormal error. Thicker lines (if present) indicate input uncertainty before addition of estimated additional uncertainty parameter.","Index",2021-05-17 12:52:21,"StartTime: Mon May 17 12:36:25 2021"
"index2_cpuefit_FLT16:NorBarLofAcSur.png","Fit to index data for FLT16:NorBarLofAcSur. Lines indicate 95% uncertainty interval around index values based on the model assumption of lognormal error. Thicker lines (if present) indicate input uncertainty before addition of estimated additional uncertainty parameter.","Index",2021-05-17 12:52:21,"StartTime: Mon May 17 12:36:25 2021"
"index3_obs_vs_exp_FLT16:NorBarLofAcSur.png","Observed vs. expected index values with smoother for FLT16:NorBarLofAcSur","Index",2021-05-17 12:52:21,"StartTime: Mon May 17 12:36:25 2021"
"index4_logcpuedata_FLT16:NorBarLofAcSur.png","Log index data for FLT16:NorBarLofAcSur. Lines indicate 95% uncertainty interval around index values based on the model assumption of lognormal error. Thicker lines (if present) indicate input uncertainty before addition of estimated additional uncertainty parameter.","Index",2021-05-17 12:52:21,"StartTime: Mon May 17 12:36:25 2021"
"index5_logcpuefit_FLT16:NorBarLofAcSur.png","Fit to log index data on log scale for FLT16:NorBarLofAcSur. Lines indicate 95% uncertainty interval around index values based on the model assumption of lognormal error. Thicker lines (if present) indicate input uncertainty before addition of estimated additional uncertainty parameter.","Index",2021-05-17 12:52:21,"StartTime: Mon May 17 12:36:25 2021"
"index6_log_obs_vs_exp_FLT16:NorBarLofAcSur.png","log(observed) vs. log(expected) index values with smoother for FLT16:NorBarLofAcSur","Index",2021-05-17 12:52:21,"StartTime: Mon May 17 12:36:25 2021"
"index10_resids_SE_total_FLT16:NorBarLofAcSur.png","Residuals of fit to index for FLT16:NorBarLofAcSur.<br>Values are (log(Obs) - log(Exp))/SE where SE is the total standard error including any estimated additional uncertainty.","Index",2021-05-17 12:52:21,"StartTime: Mon May 17 12:36:25 2021"
"index12_resids_SE_total_FLT16:NorBarLofAcSur.png","Deviations for fit to index for FLT16:NorBarLofAcSur.<br>Values are log(Obs) - log(Exp) and thus independent of index uncertainty.","Index",2021-05-17 12:52:21,"StartTime: Mon May 17 12:36:25 2021"
"index1_cpuedata_FLT18:RusSweptArea.png","Index data for FLT18:RusSweptArea. Lines indicate 95% uncertainty interval around index values based on the model assumption of lognormal error. Thicker lines (if present) indicate input uncertainty before addition of estimated additional uncertainty parameter.","Index",2021-05-17 12:52:21,"StartTime: Mon May 17 12:36:25 2021"
"index2_cpuefit_FLT18:RusSweptArea.png","Fit to index data for FLT18:RusSweptArea. Lines indicate 95% uncertainty interval around index values based on the model assumption of lognormal error. Thicker lines (if present) indicate input uncertainty before addition of estimated additional uncertainty parameter.","Index",2021-05-17 12:52:21,"StartTime: Mon May 17 12:36:25 2021"
"index3_obs_vs_exp_FLT18:RusSweptArea.png","Observed vs. expected index values with smoother for FLT18:RusSweptArea","Index",2021-05-17 12:52:21,"StartTime: Mon May 17 12:36:25 2021"
"index4_logcpuedata_FLT18:RusSweptArea.png","Log index data for FLT18:RusSweptArea. Lines indicate 95% uncertainty interval around index values based on the model assumption of lognormal error. Thicker lines (if present) indicate input uncertainty before addition of estimated additional uncertainty parameter.","Index",2021-05-17 12:52:21,"StartTime: Mon May 17 12:36:25 2021"
"index5_logcpuefit_FLT18:RusSweptArea.png","Fit to log index data on log scale for FLT18:RusSweptArea. Lines indicate 95% uncertainty interval around index values based on the model assumption of lognormal error. Thicker lines (if present) indicate input uncertainty before addition of estimated additional uncertainty parameter.","Index",2021-05-17 12:52:21,"StartTime: Mon May 17 12:36:25 2021"
"index6_log_obs_vs_exp_FLT18:RusSweptArea.png","log(observed) vs. log(expected) index values with smoother for FLT18:RusSweptArea","Index",2021-05-17 12:52:21,"StartTime: Mon May 17 12:36:25 2021"
"index10_resids_SE_total_FLT18:RusSweptArea.png","Residuals of fit to index for FLT18:RusSweptArea.<br>Values are (log(Obs) - log(Exp))/SE where SE is the total standard error including any estimated additional uncertainty.","Index",2021-05-17 12:52:21,"StartTime: Mon May 17 12:36:25 2021"
"index12_resids_SE_total_FLT18:RusSweptArea.png","Deviations for fit to index for FLT18:RusSweptArea.<br>Values are log(Obs) - log(Exp) and thus independent of index uncertainty.","Index",2021-05-17 12:52:21,"StartTime: Mon May 17 12:36:25 2021"
"index1_cpuedata_FLT007:Ecosystem_2018corr.png","Index data for FLT007:Ecosystem_2018corr. Lines indicate 95% uncertainty interval around index values based on the model assumption of lognormal error. Thicker lines (if present) indicate input uncertainty before addition of estimated additional uncertainty parameter.","Index",2021-05-17 12:52:21,"StartTime: Mon May 17 12:36:25 2021"
"index2_cpuefit_FLT007:Ecosystem_2018corr.png","Fit to index data for FLT007:Ecosystem_2018corr. Lines indicate 95% uncertainty interval around index values based on the model assumption of lognormal error. Thicker lines (if present) indicate input uncertainty before addition of estimated additional uncertainty parameter.","Index",2021-05-17 12:52:21,"StartTime: Mon May 17 12:36:25 2021"
"index3_obs_vs_exp_FLT007:Ecosystem_2018corr.png","Observed vs. expected index values with smoother for FLT007:Ecosystem_2018corr","Index",2021-05-17 12:52:21,"StartTime: Mon May 17 12:36:25 2021"
"index4_logcpuedata_FLT007:Ecosystem_2018corr.png","Log index data for FLT007:Ecosystem_2018corr. Lines indicate 95% uncertainty interval around index values based on the model assumption of lognormal error. Thicker lines (if present) indicate input uncertainty before addition of estimated additional uncertainty parameter.","Index",2021-05-17 12:52:21,"StartTime: Mon May 17 12:36:25 2021"
"index5_logcpuefit_FLT007:Ecosystem_2018corr.png","Fit to log index data on log scale for FLT007:Ecosystem_2018corr. Lines indicate 95% uncertainty interval around index values based on the model assumption of lognormal error. Thicker lines (if present) indicate input uncertainty before addition of estimated additional uncertainty parameter.","Index",2021-05-17 12:52:21,"StartTime: Mon May 17 12:36:25 2021"
"index6_log_obs_vs_exp_FLT007:Ecosystem_2018corr.png","log(observed) vs. log(expected) index values with smoother for FLT007:Ecosystem_2018corr","Index",2021-05-17 12:52:21,"StartTime: Mon May 17 12:36:25 2021"
"index10_resids_SE_total_FLT007:Ecosystem_2018corr.png","Residuals of fit to index for FLT007:Ecosystem_2018corr.<br>Values are (log(Obs) - log(Exp))/SE where SE is the total standard error including any estimated additional uncertainty.","Index",2021-05-17 12:52:21,"StartTime: Mon May 17 12:36:25 2021"
"index12_resids_SE_total_FLT007:Ecosystem_2018corr.png","Deviations for fit to index for FLT007:Ecosystem_2018corr.<br>Values are log(Obs) - log(Exp) and thus independent of index uncertainty.","Index",2021-05-17 12:52:21,"StartTime: Mon May 17 12:36:25 2021"
"index9_standcpueall.png","Standardized indices overlaid. Each index is rescaled to have mean observation = 1.0.","Index",2021-05-17 12:52:21,"StartTime: Mon May 17 12:36:25 2021"
"numbers1_sex1_beg.png","Beginning of year expected numbers at age in (max ~ 2.4 billion)","Numbers",2021-05-17 12:52:21,"StartTime: Mon May 17 12:36:25 2021"
"numbers1_sex1_mid.png","Middle of year expected numbers at age in (max ~ 2.1 billion)","Numbers",2021-05-17 12:52:21,"StartTime: Mon May 17 12:36:25 2021"
"numbers6_len_sex1.png","Beginning of year expected numbers at length in (max ~ 2.3 billion)","Numbers",2021-05-17 12:52:21,"StartTime: Mon May 17 12:36:25 2021"
"numbers6_len_sex1.png","Middle of year expected numbers at length in (max ~ 890.2 million)","Numbers",2021-05-17 12:52:21,"StartTime: Mon May 17 12:36:25 2021"
"numbers4_equilagecomp.png","Equilibrium age distribution","Numbers",2021-05-17 12:52:21,"StartTime: Mon May 17 12:36:25 2021"
"numbers5_ageerrorSD.png","Ageing imprecision: SD of observed age (yr)","Numbers",2021-05-17 12:52:21,"StartTime: Mon May 17 12:36:25 2021"
"numbers10_ageerror_matrix_1.png","Distribution of observed age at true age 
 for ageing error type 1","Numbers",2021-05-17 12:52:21,"StartTime: Mon May 17 12:36:25 2021"
"comp_agedat__aggregated_across_time.png","Age comp data, aggregated across time by fleet.
 <br> Labels 'retained' and 'discard' indicate discarded or retained sampled for each fleet. Panels without this designation represent the whole catch.
","CompDat",2021-05-17 12:52:21,"StartTime: Mon May 17 12:36:25 2021"
"comp_agedat__multi-fleet_comparison.png","Age comp data,  comparing across fleets","CompDat",2021-05-17 12:52:21,"StartTime: Mon May 17 12:36:25 2021"
"comp_agedat_flt1mkt0_page1.png","Age comp data, whole catch, fleet1 (plot 1 of 4).<br><br>'N adj.' is the input sample size after data-weighting adjustment. N eff. is the calculated effective sample size used in the McAllister-Ianelli tuning method.","CompDat",2021-05-17 12:52:21,"StartTime: Mon May 17 12:36:25 2021"
"comp_agedat_flt1mkt0_page2.png","Age comp data, whole catch, fleet1 (plot 2 of 4)","CompDat",2021-05-17 12:52:21,"StartTime: Mon May 17 12:36:25 2021"
"comp_agedat_flt1mkt0_page3.png","Age comp data, whole catch, fleet1 (plot 3 of 4)","CompDat",2021-05-17 12:52:21,"StartTime: Mon May 17 12:36:25 2021"
"comp_agedat_flt1mkt0_page4.png","Age comp data, whole catch, fleet1 (plot 4 of 4)","CompDat",2021-05-17 12:52:21,"StartTime: Mon May 17 12:36:25 2021"
"comp_agedat_bubflt1mkt0_page4.png","Age comp data, whole catch, fleet1 (max=0.54) (plot 4 of 4)","CompDat",2021-05-17 12:52:21,"StartTime: Mon May 17 12:36:25 2021"
"comp_agedat_data_weighting_TA1.8_fleet1.png","Mean age for fleet1 with 95% confidence intervals based on current samples sizes.","CompDat",2021-05-17 12:52:21,"StartTime: Mon May 17 12:36:25 2021"
"comp_agedat_flt2mkt0_page1.png","Age comp data, whole catch, FLT15:NorBarTrSur (plot 1 of 2).<br><br>'N adj.' is the input sample size after data-weighting adjustment. N eff. is the calculated effective sample size used in the McAllister-Ianelli tuning method.","CompDat",2021-05-17 12:52:21,"StartTime: Mon May 17 12:36:25 2021"
"comp_agedat_flt2mkt0_page2.png","Age comp data, whole catch, FLT15:NorBarTrSur (plot 2 of 2)","CompDat",2021-05-17 12:52:21,"StartTime: Mon May 17 12:36:25 2021"
"comp_agedat_bubflt2mkt0_page2.png","Age comp data, whole catch, FLT15:NorBarTrSur (max=0.84) (plot 2 of 2)","CompDat",2021-05-17 12:52:21,"StartTime: Mon May 17 12:36:25 2021"
"comp_agedat_data_weighting_TA1.8_FLT15:NorBarTrSur.png","Mean age for FLT15:NorBarTrSur with 95% confidence intervals based on current samples sizes.","CompDat",2021-05-17 12:52:21,"StartTime: Mon May 17 12:36:25 2021"
"comp_agedat_flt3mkt0_page1.png","Age comp data, whole catch, FLT16:NorBarLofAcSur (plot 1 of 2).<br><br>'N adj.' is the input sample size after data-weighting adjustment. N eff. is the calculated effective sample size used in the McAllister-Ianelli tuning method.","CompDat",2021-05-17 12:52:21,"StartTime: Mon May 17 12:36:25 2021"
"comp_agedat_flt3mkt0_page2.png","Age comp data, whole catch, FLT16:NorBarLofAcSur (plot 2 of 2)","CompDat",2021-05-17 12:52:21,"StartTime: Mon May 17 12:36:25 2021"
"comp_agedat_bubflt3mkt0_page2.png","Age comp data, whole catch, FLT16:NorBarLofAcSur (max=0.74) (plot 2 of 2)","CompDat",2021-05-17 12:52:21,"StartTime: Mon May 17 12:36:25 2021"
"comp_agedat_data_weighting_TA1.8_FLT16:NorBarLofAcSur.png","Mean age for FLT16:NorBarLofAcSur with 95% confidence intervals based on current samples sizes.","CompDat",2021-05-17 12:52:21,"StartTime: Mon May 17 12:36:25 2021"
"comp_agedat_flt4mkt0_page1.png","Age comp data, whole catch, FLT18:RusSweptArea (plot 1 of 2).<br><br>'N adj.' is the input sample size after data-weighting adjustment. N eff. is the calculated effective sample size used in the McAllister-Ianelli tuning method.","CompDat",2021-05-17 12:52:21,"StartTime: Mon May 17 12:36:25 2021"
"comp_agedat_flt4mkt0_page2.png","Age comp data, whole catch, FLT18:RusSweptArea (plot 2 of 2)","CompDat",2021-05-17 12:52:21,"StartTime: Mon May 17 12:36:25 2021"
"comp_agedat_bubflt4mkt0_page2.png","Age comp data, whole catch, FLT18:RusSweptArea (max=0.56) (plot 2 of 2)","CompDat",2021-05-17 12:52:21,"StartTime: Mon May 17 12:36:25 2021"
"comp_agedat_data_weighting_TA1.8_FLT18:RusSweptArea.png","Mean age for FLT18:RusSweptArea with 95% confidence intervals based on current samples sizes.","CompDat",2021-05-17 12:52:21,"StartTime: Mon May 17 12:36:25 2021"
"comp_agedat_flt5mkt0.png","Age comp data, whole catch, FLT007:Ecosystem_2018corr.<br><br>'N adj.' is the input sample size after data-weighting adjustment. N eff. is the calculated effective sample size used in the McAllister-Ianelli tuning method.","CompDat",2021-05-17 12:52:21,"StartTime: Mon May 17 12:36:25 2021"
"comp_agedat_bubflt5mkt0.png","Age comp data, whole catch, FLT007:Ecosystem_2018corr (max=0.66)","CompDat",2021-05-17 12:52:21,"StartTime: Mon May 17 12:36:25 2021"
"comp_agedat_data_weighting_TA1.8_FLT007:Ecosystem_2018corr.png","Mean age for FLT007:Ecosystem_2018corr with 95% confidence intervals based on current samples sizes.","CompDat",2021-05-17 12:52:21,"StartTime: Mon May 17 12:36:25 2021"
"comp_gstagedat_flt2mkt0.png","Ghost age comp data, whole catch, FLT15:NorBarTrSur.<br><br>'N adj.' is the input sample size after data-weighting adjustment. N eff. is the calculated effective sample size used in the McAllister-Ianelli tuning method.","CompDat",2021-05-17 12:52:21,"StartTime: Mon May 17 12:36:25 2021"
"comp_gstagedat_bubflt2mkt0.png","Ghost age comp data, whole catch, FLT15:NorBarTrSur (max=0.33)","CompDat",2021-05-17 12:52:21,"StartTime: Mon May 17 12:36:25 2021"
"comp_gstagedat_flt3mkt0.png","Ghost age comp data, whole catch, FLT16:NorBarLofAcSur.<br><br>'N adj.' is the input sample size after data-weighting adjustment. N eff. is the calculated effective sample size used in the McAllister-Ianelli tuning method.","CompDat",2021-05-17 12:52:21,"StartTime: Mon May 17 12:36:25 2021"
"comp_gstagedat_bubflt3mkt0.png","Ghost age comp data, whole catch, FLT16:NorBarLofAcSur (max=0.24)","CompDat",2021-05-17 12:52:21,"StartTime: Mon May 17 12:36:25 2021"
"comp_agefit__aggregated_across_time.png","Age comps, aggregated across time by fleet.
 <br> Labels 'retained' and 'discard' indicate discarded or retained sampled for each fleet. Panels without this designation represent the whole catch.
","AgeComp",2021-05-17 12:52:21,"StartTime: Mon May 17 12:36:25 2021"
"comp_agefit__multi-fleet_comparison.png","Pearson residuals,  comparing across fleets <br> 
Closed bubbles are positive residuals (observed > expected) and open bubbles are negative residuals (observed < expected).","AgeComp",2021-05-17 12:52:21,"StartTime: Mon May 17 12:36:25 2021"
"comp_agefit_flt1mkt0_page1.png","Age comps, whole catch, fleet1 (plot 1 of 4).<br><br>'N adj.' is the input sample size after data-weighting adjustment. N eff. is the calculated effective sample size used in the McAllister-Ianelli tuning method.","AgeComp",2021-05-17 12:52:21,"StartTime: Mon May 17 12:36:25 2021"
"comp_agefit_flt1mkt0_page2.png","Age comps, whole catch, fleet1 (plot 2 of 4)","AgeComp",2021-05-17 12:52:21,"StartTime: Mon May 17 12:36:25 2021"
"comp_agefit_flt1mkt0_page3.png","Age comps, whole catch, fleet1 (plot 3 of 4)","AgeComp",2021-05-17 12:52:21,"StartTime: Mon May 17 12:36:25 2021"
"comp_agefit_flt1mkt0_page4.png","Age comps, whole catch, fleet1 (plot 4 of 4)","AgeComp",2021-05-17 12:52:21,"StartTime: Mon May 17 12:36:25 2021"
"comp_agefit_residsflt1mkt0_page4.png","Pearson residuals, whole catch, fleet1 (max=5.38) (plot 4 of 4) <br> 
Closed bubbles are positive residuals (observed > expected) and open bubbles are negative residuals (observed < expected).","AgeComp",2021-05-17 12:52:21,"StartTime: Mon May 17 12:36:25 2021"
"comp_agefit_sampsize_flt1mkt0.png","N-EffN comparison, Age comps, whole catch, fleet1","AgeComp",2021-05-17 12:52:21,"StartTime: Mon May 17 12:36:25 2021"
"comp_agefit_data_weighting_TA1.8_fleet1.png","Mean age for fleet1 with 95% confidence intervals based on current samples sizes.<br>Francis data weighting method TA1.8: thinner intervals (with capped ends) show result of further adjusting sample sizes based on suggested multiplier (with 95% interval) for age data from fleet1:<br>0.7061 (0.5204-1.0602) <br><br>For more info, see<br> <blockquote>Francis, R.I.C.C. (2011). Data weighting in statistical fisheries stock assessment models. <i>Can. J. Fish. Aquat. Sci.</i> 68: 1124-1138.  <a href=https://doi.org/10.1139/f2011-025> https://doi.org/10.1139/f2011-025</a> </blockquote>","AgeComp",2021-05-17 12:52:21,"StartTime: Mon May 17 12:36:25 2021"
"comp_agefit_flt2mkt0_page1.png","Age comps, whole catch, FLT15:NorBarTrSur (plot 1 of 2).<br><br>'N adj.' is the input sample size after data-weighting adjustment. N eff. is the calculated effective sample size used in the McAllister-Ianelli tuning method.","AgeComp",2021-05-17 12:52:21,"StartTime: Mon May 17 12:36:25 2021"
"comp_agefit_flt2mkt0_page2.png","Age comps, whole catch, FLT15:NorBarTrSur (plot 2 of 2)","AgeComp",2021-05-17 12:52:21,"StartTime: Mon May 17 12:36:25 2021"
"comp_agefit_residsflt2mkt0_page2.png","Pearson residuals, whole catch, FLT15:NorBarTrSur (max=2.52) (plot 2 of 2) <br> 
Closed bubbles are positive residuals (observed > expected) and open bubbles are negative residuals (observed < expected).","AgeComp",2021-05-17 12:52:21,"StartTime: Mon May 17 12:36:25 2021"
"comp_agefit_sampsize_flt2mkt0.png","N-EffN comparison, Age comps, whole catch, FLT15:NorBarTrSur","AgeComp",2021-05-17 12:52:21,"StartTime: Mon May 17 12:36:25 2021"
"comp_agefit_data_weighting_TA1.8_FLT15:NorBarTrSur.png","Mean age for FLT15:NorBarTrSur with 95% confidence intervals based on current samples sizes.<br>Francis data weighting method TA1.8: thinner intervals (with capped ends) show result of further adjusting sample sizes based on suggested multiplier (with 95% interval) for age data from FLT15:NorBarTrSur:<br>2.4378 (1.72-4.4977) <br><br>For more info, see<br> <blockquote>Francis, R.I.C.C. (2011). Data weighting in statistical fisheries stock assessment models. <i>Can. J. Fish. Aquat. Sci.</i> 68: 1124-1138.  <a href=https://doi.org/10.1139/f2011-025> https://doi.org/10.1139/f2011-025</a> </blockquote>","AgeComp",2021-05-17 12:52:21,"StartTime: Mon May 17 12:36:25 2021"
"comp_agefit_flt3mkt0_page1.png","Age comps, whole catch, FLT16:NorBarLofAcSur (plot 1 of 2).<br><br>'N adj.' is the input sample size after data-weighting adjustment. N eff. is the calculated effective sample size used in the McAllister-Ianelli tuning method.","AgeComp",2021-05-17 12:52:21,"StartTime: Mon May 17 12:36:25 2021"
"comp_agefit_flt3mkt0_page2.png","Age comps, whole catch, FLT16:NorBarLofAcSur (plot 2 of 2)","AgeComp",2021-05-17 12:52:21,"StartTime: Mon May 17 12:36:25 2021"
"comp_agefit_residsflt3mkt0_page2.png","Pearson residuals, whole catch, FLT16:NorBarLofAcSur (max=4.24) (plot 2 of 2) <br> 
Closed bubbles are positive residuals (observed > expected) and open bubbles are negative residuals (observed < expected).","AgeComp",2021-05-17 12:52:21,"StartTime: Mon May 17 12:36:25 2021"
"comp_agefit_sampsize_flt3mkt0.png","N-EffN comparison, Age comps, whole catch, FLT16:NorBarLofAcSur","AgeComp",2021-05-17 12:52:21,"StartTime: Mon May 17 12:36:25 2021"
"comp_agefit_data_weighting_TA1.8_FLT16:NorBarLofAcSur.png","Mean age for FLT16:NorBarLofAcSur with 95% confidence intervals based on current samples sizes.<br>Francis data weighting method TA1.8: thinner intervals (with capped ends) show result of further adjusting sample sizes based on suggested multiplier (with 95% interval) for age data from FLT16:NorBarLofAcSur:<br>0.5583 (0.3652-1.0937) <br><br>For more info, see<br> <blockquote>Francis, R.I.C.C. (2011). Data weighting in statistical fisheries stock assessment models. <i>Can. J. Fish. Aquat. Sci.</i> 68: 1124-1138.  <a href=https://doi.org/10.1139/f2011-025> https://doi.org/10.1139/f2011-025</a> </blockquote>","AgeComp",2021-05-17 12:52:21,"StartTime: Mon May 17 12:36:25 2021"
"comp_agefit_flt4mkt0_page1.png","Age comps, whole catch, FLT18:RusSweptArea (plot 1 of 2).<br><br>'N adj.' is the input sample size after data-weighting adjustment. N eff. is the calculated effective sample size used in the McAllister-Ianelli tuning method.","AgeComp",2021-05-17 12:52:21,"StartTime: Mon May 17 12:36:25 2021"
"comp_agefit_flt4mkt0_page2.png","Age comps, whole catch, FLT18:RusSweptArea (plot 2 of 2)","AgeComp",2021-05-17 12:52:21,"StartTime: Mon May 17 12:36:25 2021"
"comp_agefit_residsflt4mkt0_page2.png","Pearson residuals, whole catch, FLT18:RusSweptArea (max=3.13) (plot 2 of 2) <br> 
Closed bubbles are positive residuals (observed > expected) and open bubbles are negative residuals (observed < expected).","AgeComp",2021-05-17 12:52:21,"StartTime: Mon May 17 12:36:25 2021"
"comp_agefit_sampsize_flt4mkt0.png","N-EffN comparison, Age comps, whole catch, FLT18:RusSweptArea","AgeComp",2021-05-17 12:52:21,"StartTime: Mon May 17 12:36:25 2021"
"comp_agefit_data_weighting_TA1.8_FLT18:RusSweptArea.png","Mean age for FLT18:RusSweptArea with 95% confidence intervals based on current samples sizes.<br>Francis data weighting method TA1.8: thinner intervals (with capped ends) show result of further adjusting sample sizes based on suggested multiplier (with 95% interval) for age data from FLT18:RusSweptArea:<br>0.6292 (0.4218-1.0749) <br><br>For more info, see<br> <blockquote>Francis, R.I.C.C. (2011). Data weighting in statistical fisheries stock assessment models. <i>Can. J. Fish. Aquat. Sci.</i> 68: 1124-1138.  <a href=https://doi.org/10.1139/f2011-025> https://doi.org/10.1139/f2011-025</a> </blockquote>","AgeComp",2021-05-17 12:52:21,"StartTime: Mon May 17 12:36:25 2021"
"comp_agefit_flt5mkt0.png","Age comps, whole catch, FLT007:Ecosystem_2018corr.<br><br>'N adj.' is the input sample size after data-weighting adjustment. N eff. is the calculated effective sample size used in the McAllister-Ianelli tuning method.","AgeComp",2021-05-17 12:52:21,"StartTime: Mon May 17 12:36:25 2021"
"comp_agefit_residsflt5mkt0.png","Pearson residuals, whole catch, FLT007:Ecosystem_2018corr (max=2.22) <br> 
Closed bubbles are positive residuals (observed > expected) and open bubbles are negative residuals (observed < expected).","AgeComp",2021-05-17 12:52:21,"StartTime: Mon May 17 12:36:25 2021"
"comp_agefit_sampsize_flt5mkt0.png","N-EffN comparison, Age comps, whole catch, FLT007:Ecosystem_2018corr","AgeComp",2021-05-17 12:52:21,"StartTime: Mon May 17 12:36:25 2021"
"comp_agefit_data_weighting_TA1.8_FLT007:Ecosystem_2018corr.png","Mean age for FLT007:Ecosystem_2018corr with 95% confidence intervals based on current samples sizes.<br>Francis data weighting method TA1.8: thinner intervals (with capped ends) show result of further adjusting sample sizes based on suggested multiplier (with 95% interval) for age data from FLT007:Ecosystem_2018corr:<br>0.8495 (0.4296-3.2365) <br><br>For more info, see<br> <blockquote>Francis, R.I.C.C. (2011). Data weighting in statistical fisheries stock assessment models. <i>Can. J. Fish. Aquat. Sci.</i> 68: 1124-1138.  <a href=https://doi.org/10.1139/f2011-025> https://doi.org/10.1139/f2011-025</a> </blockquote>","AgeComp",2021-05-17 12:52:21,"StartTime: Mon May 17 12:36:25 2021"
"comp_gstagefit_flt2mkt0.png","Ghost age comps, whole catch, FLT15:NorBarTrSur.<br><br>'N adj.' is the input sample size after data-weighting adjustment. N eff. is the calculated effective sample size used in the McAllister-Ianelli tuning method.","AgeComp",2021-05-17 12:52:21,"StartTime: Mon May 17 12:36:25 2021"
"comp_gstagefit_residsflt2mkt0.png","Pearson residuals, whole catch, FLT15:NorBarTrSur (max=NA) <br> 
Closed bubbles are positive residuals (observed > expected) and open bubbles are negative residuals (observed < expected).","AgeComp",2021-05-17 12:52:21,"StartTime: Mon May 17 12:36:25 2021"
"comp_gstagefit_flt3mkt0.png","Ghost age comps, whole catch, FLT16:NorBarLofAcSur.<br><br>'N adj.' is the input sample size after data-weighting adjustment. N eff. is the calculated effective sample size used in the McAllister-Ianelli tuning method.","AgeComp",2021-05-17 12:52:21,"StartTime: Mon May 17 12:36:25 2021"
"comp_gstagefit_residsflt3mkt0.png","Pearson residuals, whole catch, FLT16:NorBarLofAcSur (max=NA) <br> 
Closed bubbles are positive residuals (observed > expected) and open bubbles are negative residuals (observed < expected).","AgeComp",2021-05-17 12:52:21,"StartTime: Mon May 17 12:36:25 2021"
"yield1_yield_curve.png","Yield curve","Yield",2021-05-17 12:52:21,"StartTime: Mon May 17 12:36:25 2021"
"yield2_yield_curve_with_refpoints.png","Yield curve with reference points","Yield",2021-05-17 12:52:21,"StartTime: Mon May 17 12:36:25 2021"
"yield3_surplus_production.png","Surplus production vs. biomass plot. For interpretation, see<br> <blockquote>Walters, Hilborn, and  Christensen, 2008, Surplus production dynamics in declining and recovering fish populations. <i>Can. J. Fish. Aquat. Sci.</i> 65: 2536-2551.</blockquote>","Yield",2021-05-17 12:52:21,"StartTime: Mon May 17 12:36:25 2021"
"data_plot.png","Data presence by year for each fleet and data type.","Data",2021-05-17 12:52:21,"StartTime: Mon May 17 12:36:25 2021"
"data_plot2.png","Data presence by year for each fleet, where circle area is <br>  relative within a data type. Circles are proportional to <br>  total catch for catches; to precision for indices, discards, and <br>  mean body weight observations; and to total sample size for <br> compositions and mean weight- or length-at-age observations. <br> 'Ghost' observations (not included in the likelihood) have <br> equal size for all years. <br> Note that since the circles are are scaled relative <br>  to maximum within each type, the scaling within separate plots <br>  should not be compared.","Data",2021-05-17 12:52:21,"StartTime: Mon May 17 12:36:25 2021"
"parameter_distributions_page1.png","Parameter distribution plots (plot 1 of 2). <br>Deviation parameters are not included. <br>Plotting range is equal to input limits on parameters. Use fitrange = TRUE to scale the range to the estimates.","Pars",2021-05-17 12:52:21,"StartTime: Mon May 17 12:36:25 2021"
"parameter_distributions_page2.png","Parameter distribution plots (plot 2 of 2).","Pars",2021-05-17 12:52:21,"StartTime: Mon May 17 12:36:25 2021"
"parameterchecks.html","Table of estimated parameters (excluding deviation parameters) sorted by parameters with the largest gradients; any parameter with a gradient value with an absolute value above 0.001 (for SS 3.30 models) or a parameter on bounds is colored in red.","DiagnosticTables",2021-05-17 12:52:21,"StartTime: Mon May 17 12:36:25 2021"
"correlationcheck.html","Table of estimated parameters with the ten highest correlation rates, sorted by highest correlations; any parameter with an absolute value of correlation above  is colored in red.","DiagnosticTables",2021-05-17 12:52:21,"StartTime: Mon May 17 12:36:25 2021"
