"file","caption","category","png_time","StartTime"
"bio1_sizeatage.png","Length at age in the beginning of the year (or season) in the ending year of the model. Shaded area indicates 95% distribution of length at age around estimated growth curve.","Bio",2020-05-01 11:08:12,"StartTime: Fri May 01 11:02:56 2020"
"bio2_sizeatage_plus_CV_and_SD.png","Length at age (top-left panel) with CV (thick line) and SD (thin line) of length at age shown in top-right and lower-left panels","Bio",2020-05-01 11:08:12,"StartTime: Fri May 01 11:02:56 2020"
"bio3_sizeatage_plus_WT_and_MAT.png","Length at age (top-left panel) with weight (thick line) and maturity (thin line) shown in top-right and lower-left panels","Bio",2020-05-01 11:08:12,"StartTime: Fri May 01 11:02:56 2020"
"bio1B_len_at_age_matrix_1.png","Distribution of length at age for seas: 1 sub_seas: 1 morph: 1","Bio",2020-05-01 11:08:12,"StartTime: Fri May 01 11:02:56 2020"
"bio1B_len_at_age_matrix_2.png","Distribution of length at age for seas: 1 sub_seas: 2 morph: 1","Bio",2020-05-01 11:08:12,"StartTime: Fri May 01 11:02:56 2020"
"bio5_weightatsize.png","Weight-length relationship","Bio",2020-05-01 11:08:12,"StartTime: Fri May 01 11:02:56 2020"
"bio6_maturity.png","Maturity at age","Bio",2020-05-01 11:08:12,"StartTime: Fri May 01 11:02:56 2020"
"bio7_fecundity.png","Fecundity","Bio",2020-05-01 11:08:12,"StartTime: Fri May 01 11:02:56 2020"
"bio10_spawningoutput_len.png","Spawning output at length. This is the product of maturity and fecundity unless maturity is age-based, in which case only fecundity is represented.","Bio",2020-05-01 11:08:12,"StartTime: Fri May 01 11:02:56 2020"
"bio11_spawningoutput_age.png","Spawning output at age. This is the product of maturity and fecundity. When these processes are length-based they are converted into the age dimension using the matrix of length at age.","Bio",2020-05-01 11:08:12,"StartTime: Fri May 01 11:02:56 2020"
"sel01_multiple_fleets_length1.png","Selectivity at length for multiple fleets.","Sel",2020-05-01 11:08:12,"StartTime: Fri May 01 11:02:56 2020"
"sel02_multiple_fleets_age1.png","Selectivity at age for multiple fleets.","Sel",2020-05-01 11:08:12,"StartTime: Fri May 01 11:02:56 2020"
"sel02_multiple_fleets_age2.png","Selectivity at age derived from selectivity at length for multiple fleets.","Sel",2020-05-01 11:08:12,"StartTime: Fri May 01 11:02:56 2020"
"ts1_Total_biomass_(mt).png","Total biomass (mt)","Timeseries",2020-05-01 11:08:12,"StartTime: Fri May 01 11:02:56 2020"
"ts4_Summary_biomass_(mt).png","Summary biomass (mt)","Timeseries",2020-05-01 11:08:12,"StartTime: Fri May 01 11:02:56 2020"
"ts7_Spawning_output.png","Spawning output","Timeseries",2020-05-01 11:08:12,"StartTime: Fri May 01 11:02:56 2020"
"ts9_Fraction_of_unfished.png","Fraction of unfished","Timeseries",2020-05-01 11:08:12,"StartTime: Fri May 01 11:02:56 2020"
"ts11_Age-0_recruits_(1000s).png","Age-0 recruits (1,000s)","Timeseries",2020-05-01 11:08:12,"StartTime: Fri May 01 11:02:56 2020"
"ts_summaryF.png","Summary F (definition of F depends on setting in starter.ss)","Timeseries",2020-05-01 11:08:12,"StartTime: Fri May 01 11:02:56 2020"
"recdevs1_points.png","Recruitment deviations","RecDev",2020-05-01 11:08:12,"StartTime: Fri May 01 11:02:56 2020"
"SR_curve.png","Stock-recruit curve.  Point colors indicate year, with warmer colors indicating earlier years and cooler colors in showing later years.","S-R",2020-05-01 11:08:12,"StartTime: Fri May 01 11:02:56 2020"
"SR_curve2.png","Stock-recruit curve with labels on first, last, and years with (log) deviations > 0.5. Point colors indicate year, with warmer colors indicating earlier years and cooler colors in showing later years.","S-R",2020-05-01 11:08:12,"StartTime: Fri May 01 11:02:56 2020"
"SR_resids.png","Deviations around the stock-recruit curve. Labels are on first, last, and years with (log) deviations > 0.5. Point colors indicate year, with warmer colors indicating earlier years and cooler colors in showing later years.","S-R",2020-05-01 11:08:12,"StartTime: Fri May 01 11:02:56 2020"
"catch1 landings.png","landings","Catch",2020-05-01 11:08:12,"StartTime: Fri May 01 11:02:56 2020"
"catch2 landings stacked.png","landings stacked","Catch",2020-05-01 11:08:12,"StartTime: Fri May 01 11:02:56 2020"
"catch9 harvest rate.png","harvest rate","Catch",2020-05-01 11:08:12,"StartTime: Fri May 01 11:02:56 2020"
"SPR1_series.png","Timeseries of SPR","SPR",2020-05-01 11:08:12,"StartTime: Fri May 01 11:02:56 2020"
"SPR2_minusSPRseries.png","Timeseries of 1-SPR","SPR",2020-05-01 11:08:12,"StartTime: Fri May 01 11:02:56 2020"
"SPR4_phase.png","Phase plot of biomass ratio vs. SPR ratio","SPR",2020-05-01 11:08:12,"StartTime: Fri May 01 11:02:56 2020"
"index1_cpuedata_Survey.png","Index data for Survey. Lines indicate 95% uncertainty interval around index values based on the model assumption of T-distributed error with 1 degree of freedom. Thicker lines (if present) indicate input uncertainty before addition of estimated additional uncertainty parameter.","Index",2020-05-01 11:08:12,"StartTime: Fri May 01 11:02:56 2020"
"index2_cpuefit_Survey.png","Fit to index data for Survey. Lines indicate 95% uncertainty interval around index values based on the model assumption of T-distributed error with 1 degree of freedom. Thicker lines (if present) indicate input uncertainty before addition of estimated additional uncertainty parameter.","Index",2020-05-01 11:08:12,"StartTime: Fri May 01 11:02:56 2020"
"index3_obs_vs_exp_Survey.png","Observed vs. expected index values with smoother for Survey","Index",2020-05-01 11:08:12,"StartTime: Fri May 01 11:02:56 2020"
"index4_logcpuedata_Survey.png","Log index data for Survey. Lines indicate 95% uncertainty interval around index values based on the model assumption of T-distributed error with 1 degree of freedom. Thicker lines (if present) indicate input uncertainty before addition of estimated additional uncertainty parameter.","Index",2020-05-01 11:08:12,"StartTime: Fri May 01 11:02:56 2020"
"index5_logcpuefit_Survey.png","Fit to log index data on log scale for Survey. Lines indicate 95% uncertainty interval around index values based on the model assumption of T-distributed error with 1 degree of freedom. Thicker lines (if present) indicate input uncertainty before addition of estimated additional uncertainty parameter.","Index",2020-05-01 11:08:12,"StartTime: Fri May 01 11:02:56 2020"
"index6_log_obs_vs_exp_Survey.png","log(observed) vs. log(expected) index values with smoother for Survey","Index",2020-05-01 11:08:12,"StartTime: Fri May 01 11:02:56 2020"
"index9_standcpueall.png","Standardized indices overlaid","Index",2020-05-01 11:08:12,"StartTime: Fri May 01 11:02:56 2020"
"numbers1_sex1_beg.png","Beginning of year expected numbers at age in (max ~ 58.3 million)","Numbers",2020-05-01 11:08:12,"StartTime: Fri May 01 11:02:56 2020"
"numbers1_sex1_mid.png","Middle of year expected numbers at age in (max ~ 40.6 million)","Numbers",2020-05-01 11:08:12,"StartTime: Fri May 01 11:02:56 2020"
"numbers6_len_sex1.png","Beginning of year expected numbers at length in (max ~ 35.3 million)","Numbers",2020-05-01 11:08:12,"StartTime: Fri May 01 11:02:56 2020"
"numbers6_len_sex1.png","Middle of year expected numbers at length in (max ~ 16.1 million)","Numbers",2020-05-01 11:08:12,"StartTime: Fri May 01 11:02:56 2020"
"numbers4_equilagecomp.png","Equilibrium age distribution","Numbers",2020-05-01 11:08:12,"StartTime: Fri May 01 11:02:56 2020"
"numbers5_ageerrorSD.png","Ageing imprecision: SD of observed age (yr)","Numbers",2020-05-01 11:08:12,"StartTime: Fri May 01 11:02:56 2020"
"numbers5_ageerror_matrix_1.png","Ageing imprecision: matrix for method 1 <br>(White = 1.0, Orange = 0.5, Red = 0.0)","Numbers",2020-05-01 11:08:12,"StartTime: Fri May 01 11:02:56 2020"
"numbers10_ageerror_matrix_1.png","Distribution of observed age at true age 
 for ageing error type 1","Numbers",2020-05-01 11:08:12,"StartTime: Fri May 01 11:02:56 2020"
"comp_lendat_flt1mkt0_page1.png","Length comp data, whole catch, Fishery (plot 1 of 4).<br><br>'N adj.' is the input sample size after data-weighting adjustment. N eff. is the calculated effective sample size used in the McAllister-Iannelli tuning method.","CompDat",2020-05-01 11:08:12,"StartTime: Fri May 01 11:02:56 2020"
"comp_lendat_flt1mkt0_page2.png","Length comp data, whole catch, Fishery (plot 2 of 4)","CompDat",2020-05-01 11:08:12,"StartTime: Fri May 01 11:02:56 2020"
"comp_lendat_flt1mkt0_page3.png","Length comp data, whole catch, Fishery (plot 3 of 4)","CompDat",2020-05-01 11:08:12,"StartTime: Fri May 01 11:02:56 2020"
"comp_lendat_flt1mkt0_page4.png","Length comp data, whole catch, Fishery (plot 4 of 4)","CompDat",2020-05-01 11:08:12,"StartTime: Fri May 01 11:02:56 2020"
"comp_lendat_bubflt1mkt0_page4.png","Length comp data, whole catch, Fishery (max=0.23) (plot 4 of 4)","CompDat",2020-05-01 11:08:12,"StartTime: Fri May 01 11:02:56 2020"
"comp_lendat_data_weighting_TA1.8_Fishery.png","Mean length for Fishery with 95% confidence intervals based on current samples sizes.","CompDat",2020-05-01 11:08:12,"StartTime: Fri May 01 11:02:56 2020"
"comp_lendat_flt2mkt0_page1.png","Length comp data, whole catch, Survey (plot 1 of 4).<br><br>'N adj.' is the input sample size after data-weighting adjustment. N eff. is the calculated effective sample size used in the McAllister-Iannelli tuning method.","CompDat",2020-05-01 11:08:12,"StartTime: Fri May 01 11:02:56 2020"
"comp_lendat_flt2mkt0_page2.png","Length comp data, whole catch, Survey (plot 2 of 4)","CompDat",2020-05-01 11:08:12,"StartTime: Fri May 01 11:02:56 2020"
"comp_lendat_flt2mkt0_page3.png","Length comp data, whole catch, Survey (plot 3 of 4)","CompDat",2020-05-01 11:08:12,"StartTime: Fri May 01 11:02:56 2020"
"comp_lendat_flt2mkt0_page4.png","Length comp data, whole catch, Survey (plot 4 of 4)","CompDat",2020-05-01 11:08:12,"StartTime: Fri May 01 11:02:56 2020"
"comp_lendat_bubflt2mkt0_page4.png","Length comp data, whole catch, Survey (max=0.3) (plot 4 of 4)","CompDat",2020-05-01 11:08:12,"StartTime: Fri May 01 11:02:56 2020"
"comp_lendat_data_weighting_TA1.8_Survey.png","Mean length for Survey with 95% confidence intervals based on current samples sizes.","CompDat",2020-05-01 11:08:12,"StartTime: Fri May 01 11:02:56 2020"
"comp_lendat__aggregated_across_time.png","Length comp data, aggregated across time by fleet.
 <br> Labels 'retained' and 'discard' indicate discarded or retained sampled for each fleet. Panels without this designation represent the whole catch.
","CompDat",2020-05-01 11:08:12,"StartTime: Fri May 01 11:02:56 2020"
"comp_lendat__multi-fleet_comparison.png","Length comp data,  comparing across fleets","CompDat",2020-05-01 11:08:12,"StartTime: Fri May 01 11:02:56 2020"
"comp_agedat_flt1mkt0_page1.png","Age comp data, whole catch, Fishery (plot 1 of 4).<br><br>'N adj.' is the input sample size after data-weighting adjustment. N eff. is the calculated effective sample size used in the McAllister-Iannelli tuning method.","CompDat",2020-05-01 11:08:12,"StartTime: Fri May 01 11:02:56 2020"
"comp_agedat_flt1mkt0_page2.png","Age comp data, whole catch, Fishery (plot 2 of 4)","CompDat",2020-05-01 11:08:12,"StartTime: Fri May 01 11:02:56 2020"
"comp_agedat_flt1mkt0_page3.png","Age comp data, whole catch, Fishery (plot 3 of 4)","CompDat",2020-05-01 11:08:12,"StartTime: Fri May 01 11:02:56 2020"
"comp_agedat_flt1mkt0_page4.png","Age comp data, whole catch, Fishery (plot 4 of 4)","CompDat",2020-05-01 11:08:12,"StartTime: Fri May 01 11:02:56 2020"
"comp_agedat_bubflt1mkt0_page4.png","Age comp data, whole catch, Fishery (max=0.53) (plot 4 of 4)","CompDat",2020-05-01 11:08:12,"StartTime: Fri May 01 11:02:56 2020"
"comp_agedat_data_weighting_TA1.8_Fishery.png","Mean age for Fishery with 95% confidence intervals based on current samples sizes.","CompDat",2020-05-01 11:08:12,"StartTime: Fri May 01 11:02:56 2020"
"comp_agedat__aggregated_across_time.png","Age comp data, aggregated across time by fleet.
 <br> Labels 'retained' and 'discard' indicate discarded or retained sampled for each fleet. Panels without this designation represent the whole catch.
","CompDat",2020-05-01 11:08:12,"StartTime: Fri May 01 11:02:56 2020"
"comp_agedat__multi-fleet_comparison.png","Age comp data,  comparing across fleets","CompDat",2020-05-01 11:08:12,"StartTime: Fri May 01 11:02:56 2020"
"comp_condAALdat_bubflt2mkt0_page1.png","Conditional age-at-length data, whole catch, Survey (max=1) (plot 1 of 7)","CompDat",2020-05-01 11:08:12,"StartTime: Fri May 01 11:02:56 2020"
"comp_condAALdat_bubflt2mkt0_page2.png","Conditional age-at-length data, whole catch, Survey (max=1) (plot 1 of 7) (plot 2 of 7)","CompDat",2020-05-01 11:08:12,"StartTime: Fri May 01 11:02:56 2020"
"comp_condAALdat_bubflt2mkt0_page3.png","Conditional age-at-length data, whole catch, Survey (max=1) (plot 1 of 7) (plot 2 of 7) (plot 3 of 7)","CompDat",2020-05-01 11:08:12,"StartTime: Fri May 01 11:02:56 2020"
"comp_condAALdat_bubflt2mkt0_page4.png","Conditional age-at-length data, whole catch, Survey (max=1) (plot 1 of 7) (plot 2 of 7) (plot 3 of 7) (plot 4 of 7)","CompDat",2020-05-01 11:08:12,"StartTime: Fri May 01 11:02:56 2020"
"comp_condAALdat_bubflt2mkt0_page5.png","Conditional age-at-length data, whole catch, Survey (max=1) (plot 1 of 7) (plot 2 of 7) (plot 3 of 7) (plot 4 of 7) (plot 5 of 7)","CompDat",2020-05-01 11:08:12,"StartTime: Fri May 01 11:02:56 2020"
"comp_condAALdat_bubflt2mkt0_page6.png","Conditional age-at-length data, whole catch, Survey (max=1) (plot 1 of 7) (plot 2 of 7) (plot 3 of 7) (plot 4 of 7) (plot 5 of 7) (plot 6 of 7)","CompDat",2020-05-01 11:08:12,"StartTime: Fri May 01 11:02:56 2020"
"comp_condAALdat_bubflt2mkt0_page7.png","Conditional age-at-length data, whole catch, Survey (max=1) (plot 1 of 7) (plot 2 of 7) (plot 3 of 7) (plot 4 of 7) (plot 5 of 7) (plot 6 of 7) (plot 7 of 7)","CompDat",2020-05-01 11:08:12,"StartTime: Fri May 01 11:02:56 2020"
"comp_condAALdat_data_weighting_TA1.8_condAgeSurvey.png","Mean age from conditional data (aggregated across length bins) for Survey with 95% confidence intervals  based on current samples sizes.","CompDat",2020-05-01 11:08:12,"StartTime: Fri May 01 11:02:56 2020"
"comp_condAALdat_Andre_plotsflt2mkt0_page1.png","Conditional AAL plot, whole catch, Survey (plot 1 of 17)
These plots show mean age and std. dev. in conditional A@L.<br>Left plots are mean A@L by size-class (obs. and pred.) with 90% CIs based on adding 1.64 SE of mean to the data.<br>Right plots in each pair are SE of mean A@L (obs. and pred.) with 90% CIs based on the chi-square distribution.","CompDat",2020-05-01 11:08:12,"StartTime: Fri May 01 11:02:56 2020"
"comp_condAALdat_Andre_plotsflt2mkt0_page2.png","Conditional AAL plot, whole catch, Survey (plot 2 of 17)","CompDat",2020-05-01 11:08:12,"StartTime: Fri May 01 11:02:56 2020"
"comp_condAALdat_Andre_plotsflt2mkt0_page3.png","Conditional AAL plot, whole catch, Survey (plot 3 of 17)","CompDat",2020-05-01 11:08:12,"StartTime: Fri May 01 11:02:56 2020"
"comp_condAALdat_Andre_plotsflt2mkt0_page4.png","Conditional AAL plot, whole catch, Survey (plot 4 of 17)","CompDat",2020-05-01 11:08:12,"StartTime: Fri May 01 11:02:56 2020"
"comp_condAALdat_Andre_plotsflt2mkt0_page5.png","Conditional AAL plot, whole catch, Survey (plot 5 of 17)","CompDat",2020-05-01 11:08:12,"StartTime: Fri May 01 11:02:56 2020"
"comp_condAALdat_Andre_plotsflt2mkt0_page6.png","Conditional AAL plot, whole catch, Survey (plot 6 of 17)","CompDat",2020-05-01 11:08:12,"StartTime: Fri May 01 11:02:56 2020"
"comp_condAALdat_Andre_plotsflt2mkt0_page7.png","Conditional AAL plot, whole catch, Survey (plot 7 of 17)","CompDat",2020-05-01 11:08:12,"StartTime: Fri May 01 11:02:56 2020"
"comp_condAALdat_Andre_plotsflt2mkt0_page8.png","Conditional AAL plot, whole catch, Survey (plot 8 of 17)","CompDat",2020-05-01 11:08:12,"StartTime: Fri May 01 11:02:56 2020"
"comp_condAALdat_Andre_plotsflt2mkt0_page9.png","Conditional AAL plot, whole catch, Survey (plot 9 of 17)","CompDat",2020-05-01 11:08:12,"StartTime: Fri May 01 11:02:56 2020"
"comp_condAALdat_Andre_plotsflt2mkt0_page10.png","Conditional AAL plot, whole catch, Survey (plot 10 of 17)","CompDat",2020-05-01 11:08:12,"StartTime: Fri May 01 11:02:56 2020"
"comp_condAALdat_Andre_plotsflt2mkt0_page11.png","Conditional AAL plot, whole catch, Survey (plot 11 of 17)","CompDat",2020-05-01 11:08:12,"StartTime: Fri May 01 11:02:56 2020"
"comp_condAALdat_Andre_plotsflt2mkt0_page12.png","Conditional AAL plot, whole catch, Survey (plot 12 of 17)","CompDat",2020-05-01 11:08:12,"StartTime: Fri May 01 11:02:56 2020"
"comp_condAALdat_Andre_plotsflt2mkt0_page13.png","Conditional AAL plot, whole catch, Survey (plot 13 of 17)","CompDat",2020-05-01 11:08:12,"StartTime: Fri May 01 11:02:56 2020"
"comp_condAALdat_Andre_plotsflt2mkt0_page14.png","Conditional AAL plot, whole catch, Survey (plot 14 of 17)","CompDat",2020-05-01 11:08:12,"StartTime: Fri May 01 11:02:56 2020"
"comp_condAALdat_Andre_plotsflt2mkt0_page15.png","Conditional AAL plot, whole catch, Survey (plot 15 of 17)","CompDat",2020-05-01 11:08:12,"StartTime: Fri May 01 11:02:56 2020"
"comp_condAALdat_Andre_plotsflt2mkt0_page16.png","Conditional AAL plot, whole catch, Survey (plot 16 of 17)","CompDat",2020-05-01 11:08:12,"StartTime: Fri May 01 11:02:56 2020"
"comp_condAALdat_Andre_plotsflt2mkt0_page17.png","Conditional AAL plot, whole catch, Survey (plot 17 of 17)","CompDat",2020-05-01 11:08:12,"StartTime: Fri May 01 11:02:56 2020"
"comp_lenfit_flt1mkt0_page1.png","Length comps, whole catch, Fishery (plot 1 of 4).<br><br>'N adj.' is the input sample size after data-weighting adjustment. N eff. is the calculated effective sample size used in the McAllister-Iannelli tuning method.","LenComp",2020-05-01 11:08:12,"StartTime: Fri May 01 11:02:56 2020"
"comp_lenfit_flt1mkt0_page2.png","Length comps, whole catch, Fishery (plot 2 of 4)","LenComp",2020-05-01 11:08:12,"StartTime: Fri May 01 11:02:56 2020"
"comp_lenfit_flt1mkt0_page3.png","Length comps, whole catch, Fishery (plot 3 of 4)","LenComp",2020-05-01 11:08:12,"StartTime: Fri May 01 11:02:56 2020"
"comp_lenfit_flt1mkt0_page4.png","Length comps, whole catch, Fishery (plot 4 of 4)","LenComp",2020-05-01 11:08:12,"StartTime: Fri May 01 11:02:56 2020"
"comp_lenfit_residsflt1mkt0_page4.png","Pearson residuals, whole catch, Fishery (max=27.98) (plot 4 of 4) <br> 
Closed bubbles are positive residuals (observed > expected) and open bubbles are negative residuals (observed < expected).","LenComp",2020-05-01 11:08:12,"StartTime: Fri May 01 11:02:56 2020"
"comp_lenfit_sampsize_flt1mkt0.png","N-EffN comparison, Length comps, whole catch, Fishery","LenComp",2020-05-01 11:08:12,"StartTime: Fri May 01 11:02:56 2020"
"comp_lenfit_data_weighting_TA1.8_Fishery.png","Mean length for Fishery with 95% confidence intervals based on current samples sizes.<br>Francis data weighting method TA1.8: thinner intervals (with capped ends) show result of further adjusting sample sizes based on suggested multiplier (with 95% interval) for len data from Fishery:<br>0.0264 (0.0198-0.0388) <br><br>For more info, see<br> <blockquote>Francis, R.I.C.C. (2011). Data weighting in statistical fisheries stock assessment models. <i>Can. J. Fish. Aquat. Sci.</i> 68: 1124-1138.  <a href=https://doi.org/10.1139/f2011-025> https://doi.org/10.1139/f2011-025</a> </blockquote>","LenComp",2020-05-01 11:08:12,"StartTime: Fri May 01 11:02:56 2020"
"comp_lenfit_flt2mkt0_page1.png","Length comps, whole catch, Survey (plot 1 of 4).<br><br>'N adj.' is the input sample size after data-weighting adjustment. N eff. is the calculated effective sample size used in the McAllister-Iannelli tuning method.","LenComp",2020-05-01 11:08:12,"StartTime: Fri May 01 11:02:56 2020"
"comp_lenfit_flt2mkt0_page2.png","Length comps, whole catch, Survey (plot 2 of 4)","LenComp",2020-05-01 11:08:12,"StartTime: Fri May 01 11:02:56 2020"
"comp_lenfit_flt2mkt0_page3.png","Length comps, whole catch, Survey (plot 3 of 4)","LenComp",2020-05-01 11:08:12,"StartTime: Fri May 01 11:02:56 2020"
"comp_lenfit_flt2mkt0_page4.png","Length comps, whole catch, Survey (plot 4 of 4)","LenComp",2020-05-01 11:08:12,"StartTime: Fri May 01 11:02:56 2020"
"comp_lenfit_residsflt2mkt0_page4.png","Pearson residuals, whole catch, Survey (max=24.31) (plot 4 of 4) <br> 
Closed bubbles are positive residuals (observed > expected) and open bubbles are negative residuals (observed < expected).","LenComp",2020-05-01 11:08:12,"StartTime: Fri May 01 11:02:56 2020"
"comp_lenfit_sampsize_flt2mkt0.png","N-EffN comparison, Length comps, whole catch, Survey","LenComp",2020-05-01 11:08:12,"StartTime: Fri May 01 11:02:56 2020"
"comp_lenfit_data_weighting_TA1.8_Survey.png","Mean length for Survey with 95% confidence intervals based on current samples sizes.<br>Francis data weighting method TA1.8: thinner intervals (with capped ends) show result of further adjusting sample sizes based on suggested multiplier (with 95% interval) for len data from Survey:<br>0.0097 (0.0075-0.014) <br><br>For more info, see<br> <blockquote>Francis, R.I.C.C. (2011). Data weighting in statistical fisheries stock assessment models. <i>Can. J. Fish. Aquat. Sci.</i> 68: 1124-1138.  <a href=https://doi.org/10.1139/f2011-025> https://doi.org/10.1139/f2011-025</a> </blockquote>","LenComp",2020-05-01 11:08:12,"StartTime: Fri May 01 11:02:56 2020"
"comp_lenfit__aggregated_across_time.png","Length comps, aggregated across time by fleet.
 <br> Labels 'retained' and 'discard' indicate discarded or retained sampled for each fleet. Panels without this designation represent the whole catch.
","LenComp",2020-05-01 11:08:12,"StartTime: Fri May 01 11:02:56 2020"
"comp_lenfit__multi-fleet_comparison.png","Pearson residuals,  comparing across fleets <br> 
Closed bubbles are positive residuals (observed > expected) and open bubbles are negative residuals (observed < expected).","LenComp",2020-05-01 11:08:12,"StartTime: Fri May 01 11:02:56 2020"
"comp_agefit_flt1mkt0_page1.png","Age comps, whole catch, Fishery (plot 1 of 4).<br><br>'N adj.' is the input sample size after data-weighting adjustment. N eff. is the calculated effective sample size used in the McAllister-Iannelli tuning method.","AgeComp",2020-05-01 11:08:12,"StartTime: Fri May 01 11:02:56 2020"
"comp_agefit_flt1mkt0_page2.png","Age comps, whole catch, Fishery (plot 2 of 4)","AgeComp",2020-05-01 11:08:12,"StartTime: Fri May 01 11:02:56 2020"
"comp_agefit_flt1mkt0_page3.png","Age comps, whole catch, Fishery (plot 3 of 4)","AgeComp",2020-05-01 11:08:12,"StartTime: Fri May 01 11:02:56 2020"
"comp_agefit_flt1mkt0_page4.png","Age comps, whole catch, Fishery (plot 4 of 4)","AgeComp",2020-05-01 11:08:12,"StartTime: Fri May 01 11:02:56 2020"
"comp_agefit_residsflt1mkt0_page4.png","Pearson residuals, whole catch, Fishery (max=2.44) (plot 4 of 4) <br> 
Closed bubbles are positive residuals (observed > expected) and open bubbles are negative residuals (observed < expected).","AgeComp",2020-05-01 11:08:12,"StartTime: Fri May 01 11:02:56 2020"
"comp_agefit_sampsize_flt1mkt0.png","N-EffN comparison, Age comps, whole catch, Fishery","AgeComp",2020-05-01 11:08:12,"StartTime: Fri May 01 11:02:56 2020"
"comp_agefit_data_weighting_TA1.8_Fishery.png","Mean age for Fishery with 95% confidence intervals based on current samples sizes.<br>Francis data weighting method TA1.8: thinner intervals (with capped ends) show result of further adjusting sample sizes based on suggested multiplier (with 95% interval) for age data from Fishery:<br>17.6148 (13.3318-28.9305) <br><br>For more info, see<br> <blockquote>Francis, R.I.C.C. (2011). Data weighting in statistical fisheries stock assessment models. <i>Can. J. Fish. Aquat. Sci.</i> 68: 1124-1138.  <a href=https://doi.org/10.1139/f2011-025> https://doi.org/10.1139/f2011-025</a> </blockquote>","AgeComp",2020-05-01 11:08:12,"StartTime: Fri May 01 11:02:56 2020"
"comp_agefit__aggregated_across_time.png","Age comps, aggregated across time by fleet.
 <br> Labels 'retained' and 'discard' indicate discarded or retained sampled for each fleet. Panels without this designation represent the whole catch.
","AgeComp",2020-05-01 11:08:12,"StartTime: Fri May 01 11:02:56 2020"
"comp_agefit__multi-fleet_comparison.png","Pearson residuals,  comparing across fleets <br> 
Closed bubbles are positive residuals (observed > expected) and open bubbles are negative residuals (observed < expected).","AgeComp",2020-05-01 11:08:12,"StartTime: Fri May 01 11:02:56 2020"
"comp_condAALfit_residsflt2mkt0_page1.png","Pearson residuals, whole catch, Survey (max=37.05) (plot 1 of 7)","A@LComp",2020-05-01 11:08:12,"StartTime: Fri May 01 11:02:56 2020"
"comp_condAALfit_residsflt2mkt0_page2.png","Pearson residuals, whole catch, Survey (max=37.05) (plot 1 of 7) (plot 2 of 7)","A@LComp",2020-05-01 11:08:12,"StartTime: Fri May 01 11:02:56 2020"
"comp_condAALfit_residsflt2mkt0_page3.png","Pearson residuals, whole catch, Survey (max=37.05) (plot 1 of 7) (plot 2 of 7) (plot 3 of 7)","A@LComp",2020-05-01 11:08:12,"StartTime: Fri May 01 11:02:56 2020"
"comp_condAALfit_residsflt2mkt0_page4.png","Pearson residuals, whole catch, Survey (max=37.05) (plot 1 of 7) (plot 2 of 7) (plot 3 of 7) (plot 4 of 7)","A@LComp",2020-05-01 11:08:12,"StartTime: Fri May 01 11:02:56 2020"
"comp_condAALfit_residsflt2mkt0_page5.png","Pearson residuals, whole catch, Survey (max=37.05) (plot 1 of 7) (plot 2 of 7) (plot 3 of 7) (plot 4 of 7) (plot 5 of 7)","A@LComp",2020-05-01 11:08:12,"StartTime: Fri May 01 11:02:56 2020"
"comp_condAALfit_residsflt2mkt0_page6.png","Pearson residuals, whole catch, Survey (max=37.05) (plot 1 of 7) (plot 2 of 7) (plot 3 of 7) (plot 4 of 7) (plot 5 of 7) (plot 6 of 7)","A@LComp",2020-05-01 11:08:12,"StartTime: Fri May 01 11:02:56 2020"
"comp_condAALfit_residsflt2mkt0_page7.png","Pearson residuals, whole catch, Survey (max=37.05) (plot 1 of 7) (plot 2 of 7) (plot 3 of 7) (plot 4 of 7) (plot 5 of 7) (plot 6 of 7) (plot 7 of 7)","A@LComp",2020-05-01 11:08:12,"StartTime: Fri May 01 11:02:56 2020"
"comp_condAALfit_data_weighting_TA1.8_condAgeSurvey.png","Mean age from conditional data (aggregated across length bins) for Survey with 95% confidence intervals  based on current samples sizes.<br>Francis data weighting method TA1.8: thinner intervals (with capped ends) show result of further adjusting sample sizes based on suggested multiplier (with 95% interval) for conditional age-at-length data from Survey:<br>10.4032 (4.8742-33.0686) <br><br>For more info, see<br> <blockquote>Francis, R.I.C.C. (2011). Data weighting in statistical fisheries stock assessment models. <i>Can. J. Fish. Aquat. Sci.</i> 68: 1124-1138.</blockquote>","A@LComp",2020-05-01 11:08:12,"StartTime: Fri May 01 11:02:56 2020"
"comp_condAALfit_Andre_plotsflt2mkt0_page1.png","Conditional AAL plot, whole catch, Survey (plot 1 of 17)
These plots show mean age and std. dev. in conditional A@L.<br>Left plots are mean A@L by size-class (obs. and pred.) with 90% CIs based on adding 1.64 SE of mean to the data.<br>Right plots in each pair are SE of mean A@L (obs. and pred.) with 90% CIs based on the chi-square distribution.","A@LComp",2020-05-01 11:08:12,"StartTime: Fri May 01 11:02:56 2020"
"comp_condAALfit_Andre_plotsflt2mkt0_page2.png","Conditional AAL plot, whole catch, Survey (plot 2 of 17)","A@LComp",2020-05-01 11:08:12,"StartTime: Fri May 01 11:02:56 2020"
"comp_condAALfit_Andre_plotsflt2mkt0_page3.png","Conditional AAL plot, whole catch, Survey (plot 3 of 17)","A@LComp",2020-05-01 11:08:12,"StartTime: Fri May 01 11:02:56 2020"
"comp_condAALfit_Andre_plotsflt2mkt0_page4.png","Conditional AAL plot, whole catch, Survey (plot 4 of 17)","A@LComp",2020-05-01 11:08:12,"StartTime: Fri May 01 11:02:56 2020"
"comp_condAALfit_Andre_plotsflt2mkt0_page5.png","Conditional AAL plot, whole catch, Survey (plot 5 of 17)","A@LComp",2020-05-01 11:08:12,"StartTime: Fri May 01 11:02:56 2020"
"comp_condAALfit_Andre_plotsflt2mkt0_page6.png","Conditional AAL plot, whole catch, Survey (plot 6 of 17)","A@LComp",2020-05-01 11:08:12,"StartTime: Fri May 01 11:02:56 2020"
"comp_condAALfit_Andre_plotsflt2mkt0_page7.png","Conditional AAL plot, whole catch, Survey (plot 7 of 17)","A@LComp",2020-05-01 11:08:12,"StartTime: Fri May 01 11:02:56 2020"
"comp_condAALfit_Andre_plotsflt2mkt0_page8.png","Conditional AAL plot, whole catch, Survey (plot 8 of 17)","A@LComp",2020-05-01 11:08:12,"StartTime: Fri May 01 11:02:56 2020"
"comp_condAALfit_Andre_plotsflt2mkt0_page9.png","Conditional AAL plot, whole catch, Survey (plot 9 of 17)","A@LComp",2020-05-01 11:08:12,"StartTime: Fri May 01 11:02:56 2020"
"comp_condAALfit_Andre_plotsflt2mkt0_page10.png","Conditional AAL plot, whole catch, Survey (plot 10 of 17)","A@LComp",2020-05-01 11:08:12,"StartTime: Fri May 01 11:02:56 2020"
"comp_condAALfit_Andre_plotsflt2mkt0_page11.png","Conditional AAL plot, whole catch, Survey (plot 11 of 17)","A@LComp",2020-05-01 11:08:12,"StartTime: Fri May 01 11:02:56 2020"
"comp_condAALfit_Andre_plotsflt2mkt0_page12.png","Conditional AAL plot, whole catch, Survey (plot 12 of 17)","A@LComp",2020-05-01 11:08:12,"StartTime: Fri May 01 11:02:56 2020"
"comp_condAALfit_Andre_plotsflt2mkt0_page13.png","Conditional AAL plot, whole catch, Survey (plot 13 of 17)","A@LComp",2020-05-01 11:08:12,"StartTime: Fri May 01 11:02:56 2020"
"comp_condAALfit_Andre_plotsflt2mkt0_page14.png","Conditional AAL plot, whole catch, Survey (plot 14 of 17)","A@LComp",2020-05-01 11:08:12,"StartTime: Fri May 01 11:02:56 2020"
"comp_condAALfit_Andre_plotsflt2mkt0_page15.png","Conditional AAL plot, whole catch, Survey (plot 15 of 17)","A@LComp",2020-05-01 11:08:12,"StartTime: Fri May 01 11:02:56 2020"
"comp_condAALfit_Andre_plotsflt2mkt0_page16.png","Conditional AAL plot, whole catch, Survey (plot 16 of 17)","A@LComp",2020-05-01 11:08:12,"StartTime: Fri May 01 11:02:56 2020"
"comp_condAALfit_Andre_plotsflt2mkt0_page17.png","Conditional AAL plot, whole catch, Survey (plot 17 of 17)","A@LComp",2020-05-01 11:08:12,"StartTime: Fri May 01 11:02:56 2020"
"yield1_yield_curve.png","Yield curve","Yield",2020-05-01 11:08:12,"StartTime: Fri May 01 11:02:56 2020"
"yield2_yield_curve_with_refpoints.png","Yield curve with reference points","Yield",2020-05-01 11:08:12,"StartTime: Fri May 01 11:02:56 2020"
"yield3_surplus_production.png","Surplus production vs. biomass plot. For interpretation, see<br> <blockquote>Walters, Hilborn, and  Christensen, 2008, Surplus production dynamics in declining and recovering fish populations. <i>Can. J. Fish. Aquat. Sci.</i> 65: 2536-2551.</blockquote>","Yield",2020-05-01 11:08:12,"StartTime: Fri May 01 11:02:56 2020"
"data_plot.png","Data presence by year for each fleet and data type","Data",2020-05-01 11:08:12,"StartTime: Fri May 01 11:02:56 2020"
"data_plot2.png","Data presence by year for each fleet, where circle area is <br>  relative within a data type. Circles are proportional to <br>  total catch for catches; to precision for indices, discards, and <br>  mean body weight observations; and to total sample size for <br> compositions and mean weight- or length-at-age observations. <br> 'Ghost' observations (not included in the likelihood) have <br> equal size for all years. <br> Note that since the circles are are scaled relative <br>  to maximum within each type, the scaling within separate plots <br>  should not be compared.","Data",2020-05-01 11:08:12,"StartTime: Fri May 01 11:02:56 2020"
"parameterchecks.html","Table of estimated parameters sorted by parameters with the largest gradients; any parameter with a gradient value with an absolute value above 0.001 (for SS 3.30 models) or a parameter on bounds is colored in red.","DiagnosticTables",2020-05-01 11:08:12,"StartTime: Fri May 01 11:02:56 2020"
